,Accuracy,Precision,Recall
Covid-19,0.97769517,0.9962121,0.97769517
Lung Opacity,0.8976487,0.99846154,0.8976487
Normal,0.9010806,0.9483814,0.9010806
Viral Pneumonia,0.9808636,0.9186581,0.9808636
