test/loss,test/Accuracy,test/BalancedAccuracy,test/Precision,test/Recall
0.18471400439739227,0.9437751173973083,0.9393219947814941,0.9654282927513123,0.9393219947814941
