test/loss,test/Accuracy,test/BalancedAccuracy,test/Precision,test/Recall
0.9663311243057251,0.5714623332023621,0.3943435251712799,0.5524764060974121,0.3943435251712799
