,Accuracy,Precision,Recall
Covid-19,0.94052047,0.99215686,0.94052047
Lung Opacity,0.97648686,0.9887955,0.97648686
Normal,0.83458024,0.9833497,0.83458024
Viral Pneumonia,0.99263984,0.9019171,0.99263984
