,Accuracy,Precision,Recall
Covid-19,0.24349442,0.8646865,0.24349442
Lung Opacity,0.11372278,0.28859648,0.11372278
Normal,0.76424116,0.55976856,0.76424116
Viral Pneumonia,0.7728444,0.7062318,0.7728444
