test/loss,test/Accuracy,test/BalancedAccuracy,test/Precision,test/Recall
0.17697666585445404,0.9416489601135254,0.9360568523406982,0.9665547609329224,0.9360568523406982
