test/loss,test/Accuracy,test/BalancedAccuracy,test/Precision,test/Recall
0.8891086578369141,0.624143660068512,0.4735756814479828,0.6048208475112915,0.4735756814479828
