,Accuracy,Precision,Recall
Covid-19,0.30947956,0.716129,0.30947956
Lung Opacity,0.008641548,0.17985612,0.008641548
Normal,0.2837838,0.767285,0.2837838
Viral Pneumonia,0.9754692,0.5466355,0.9754692
