test/loss,test/Accuracy,test/BalancedAccuracy,test/Precision,test/Recall
0.1381799578666687,0.9593668580055237,0.9670210480690002,0.9661038517951965,0.9670210480690002
