test/loss,test/Accuracy,test/BalancedAccuracy,test/Precision,test/Recall
0.820002019405365,0.6540424823760986,0.5834228992462158,0.6335707306861877,0.5834228992462158
